"menu_no","launcher_path","screen_name","basic_access","data_level","description","source_population","date_grain","store_grain","product_grain","customer_grain","available_dimensions","available_metrics","available_filters","max_period_per_export","earliest_available_date","latest_available_date","data_lag_days","export_button","export_format","output_filename","encoding","delimiter","columns","member_id_present","receipt_id_present","jan_present","store_code_present","category_code_present","estimated_rows","extraction_time","automation_difficulty","gcp_priority","screenshot_path","sample_file_path","notes"
"1","ランチャー > データダウンロード > 商品マスタ","データダウンロード(商品マスタ)","CONFIRMED (実機で実行・取得成功)","Level4 (マスタ)","全商品マスタのダウンロード。小分類で絞込み可能だが未指定なら全商品を取得","組織コード00538(サン・スマイル)配下の全商品のみ。他事業会社(ツルハ等)の商品は含まれない","N/A(スナップショット)","N/A","JAN単品","N/A","大分類/中分類/小分類/細分類/メーカー/ブランド/PB区分","N/A(マスタ属性のみ)","小分類(任意)","N/A","N/A","N/A(実行時点の最新)","0日","実行 → URLリンク(getRawData)","ZIP(内部CSV)","prod.zip → prod.csv(内部ファイル名固定)","Shift-JIS(CP932)","カンマ","組織コード,商品大分類コード,商品大分類名,商品中分類コード,商品中分類名,商品小分類コード,商品小分類名,商品細分類コード,商品細分類名,JANコード,商品名,メーカーコード,メーカー名,ブランドコード,ブランド名,PB区分コード,PB区分名(17列)","No","No","Yes","No","Yes","1768833","集計数秒+ダウンロード数秒(37.9MB)","LOW(条件固定・毎回同一手順)","高(dim_productの主要ソース)","screenshots/02_data_download.png; 02_product_master_selected.png; 02_product_master_after_execute.png","samples/product_master_prod.zip","組織コード00538のみ(全事業会社ではない)。JAN重複なし、ヘッダーあり、17列で一貫"
"2","ランチャー > データダウンロード > 店舗マスタ","データダウンロード(店舗マスタ)","CONFIRMED (実機で実行・取得成功)","Level4 (マスタ)","全店舗マスタ(閉店店舗含む)のダウンロード","ツルハグループ8事業会社・全店舗(組織コードに関わらず全社が対象)","N/A(スナップショット)","店舗単位","N/A","N/A","エリア1(事業会社)/エリア2(都道府県)/エリア3(運営本部等)/エリア4(細分エリア)","N/A","なし(絞込みオプションなし、常に全件)","N/A","N/A","N/A(実行時点の最新)","0日","実行 → URLリンク","ZIP(内部CSV)","store.zip → store.csv(固定)","Shift-JIS(CP932)","カンマ","組織コード,店舗コード,店舗名,エリア1コード,エリア1名,エリア2コード,エリア2名,エリア3コード,エリア3名,エリア4コード,エリア4名,郵便番号,住所,電話番号,開店日,閉店日(16列)","No","No","No","Yes","No","3323","数秒(71KB)","LOW","高(dim_storeの主要ソース)","screenshots/04_store_master_progress.png; 04_store_master_complete.png","samples/store_master.zip","住所・電話番号は全件空欄。閉店日=99991231は営業中を示すセンチネル値。商品マスタと異なり8社全て含む(スコープ制限なし)"
"3","ランチャー > 拡張分析 > ダウンロード・検索メニュー > 日別店別品名別ダウンロード","日別 店別 品名別・ダウンロード","CONFIRMED (実機で実行・取得成功)","Level2 (POS詳細集計)","日×店×JANの売上金額・数量・平均売価をCSVダウンロード","化粧品部門(70)のみ。部門選択は「70:化粧品」の1択で契約上の1部門制限と一致","日次","店舗単位(グループ指定。事業会社を丸ごと一括選択可能=1871店一括追加を確認)","JAN単品(小分類以下 または JAN指定必須、無指定は不可)","N/A(会員IDなし、非会員含む全POS)","事業会社/運営本部/店、部門/大分類/中分類/小分類/細分類、JAN","売上金額,売上数量,平均売価","日付(最大31日)、店(グループ指定)、小分類/JAN(必須)","31日(実機確認済み、資料と一致)","2021/5/16(データ蓄積期間の下限)","2026/8/24(実行日2026/8/26の2日前)","2日","実行 → URLリンク(getRawData)","ZIP(内部CSV、ファイル名は自由入力可)","ユーザー指定名.zip → JANDAYOFFICE0.csv(内部固定名)","Shift-JIS(CP932)","カンマ","日,店(コード:名称結合),JANコード(JAN:商品名結合),金額,数量,平均売価(6列、末尾に空列あり)","No","No","Yes(コード:名称結合形式)","Yes(コード:名称結合形式)","No(出力列にはないがフィルタ条件としては使用)","条件依存(テスト:5店舗×24日×713カテゴリ=538行/実売上行のみ)","1日1店舗で数秒、24日5店舗で約15秒","MEDIUM(カレンダー操作とグループ指定ダイアログの階層操作が必要)","最高(fact_pos_daily_store_skuの直接ソース)","screenshots/06_daily_store_sku_download.png; 09_execute_range3.png 他多数","samples/daily_store_sku_sample3.zip(実データ538行); sample.zip/sample2.zip(0行)","店/JAN列がコード:名称の結合文字列でETL時に分割要。カテゴリ/JAN未指定だと『JANコードもしくはカテゴリを第二階層以下に指定ください』のエラー。返品/マイナス売上はテストでは未確認(件数少なく断定不可、UNKNOWN)"
"4","ランチャー > 拡張分析 > ダウンロード・検索メニュー > プラノグラマー連携","プラノグラマー連携","CONFIRMED (実機で実行・取得成功、ベーシックでも利用可)","Level2 (POS月次/週次集計) + Level4 (店舗・商品マスタ同梱)","月次/週次の店舗×JAN販売集計と、店舗マスタ・商品マスタをLZH形式でまとめて出力","化粧品部門(70)のみ(他画面と同じ制約)","月次 または 週次(選択式)","店舗単位。事業会社レベルで一括選択可(1871店一括追加を確認)","JAN単品(小分類以下必須)","N/A","事業会社/店、小分類","数量,金額(選択店舗ごと+企業合計行が自動生成)","月次/週次、店(事業会社階層以下)、小分類","1ヶ月 または 1週間単位(1回の実行につき1期間)","2021/5/16(データ蓄積期間内)","2026/7(直近の完了月まで取得確認、当月は未検証)","前月分は取得可能(8/26に7月分取得成功)","実行 → URLリンク(getPlano)","LZH(Windows標準非対応、7-Zip等が必要)","ユーザー指定名.lzh → POS.CSV, 企業店舗.csv, 商品D.csv(内部固定名)","POS.CSV/企業店舗.csv=Shift-JIS(CP932)、商品D.csv=UTF-8 with BOM(★1アーカイブ内でエンコーディング混在)","カンマ","POS.CSV: D行(企業店舗コード,企業コード,店コード,集計区分)+P行(JAN,日付=月初日,数量,金額,予備×8); 企業店舗.csv: 企業店舗コード,企業コード,店舗コード,企業店舗名称; 商品D.csv: JAN,商品名称,商品名称カナ,希望小売価格,規格,規格単位,入数,幅,高さ,奥行,メーカーコード,Ｊカテゴリーコード,Ｓカテゴリーコード,商品画像,予備1-3,終売フラグ,発売日,登録日,更新日付,輸入品フラグ,会社名カナ,会社名,商品名称Ｊ,規格Ｊ,カテゴリー,機能,機能説明,限定,限定説明,容器形態,原産国,原産国説明,製造販売中止フラグ(34列)","No","No","Yes","Yes","Yes(Ｊ/Ｓカテゴリーコード列、テストでは空欄)","POS.CSV=765行(2店舗+企業合計、382JAN、1ヶ月分); 商品D.csv=383行","約15秒","MEDIUM-HIGH(LZH解凍に外部ツールが必要、GUI操作も必要)","高(fact_pos月次版とdim_store/dim_productを同時取得できる利点)","screenshots/16_planogrammer.png; 18_plano_done2.png","samples/planogrammer.lzh(POS.CSV, 企業店舗.csv, 商品D.csvを含む)","商品D.csvの多くの属性列はテストでは空/デフォルト値(0,False,1970/01/01)で実質未整備。ツルハ独自分類は商品マスタ(prod.csv)の方が充実"
"5","ランチャー > 拡張分析 > ダウンロード・検索メニュー > JANマスタ検索","JANマスタ検索","CONFIRMED (メニュー表示のみ確認、実行・出力形式は未検証)","UNKNOWN(推定Level4)","UNKNOWN","UNKNOWN","UNKNOWN","UNKNOWN","UNKNOWN","UNKNOWN","UNKNOWN","UNKNOWN","UNKNOWN","UNKNOWN","UNKNOWN","UNKNOWN","UNKNOWN","UNKNOWN","UNKNOWN","UNKNOWN","UNKNOWN","UNKNOWN","UNKNOWN","UNKNOWN","UNKNOWN","UNKNOWN","UNKNOWN","UNKNOWN","UNKNOWN","screenshots/15_hover_submenu.png(メニュー項目として表示のみ)","なし","時間の都合で深掘り未実施。メニュー自体は実在(グレーアウトなし)"
"6","ランチャー > 拡張分析 > 分析メニュー > 在庫検索","在庫検索","CONFIRMED (実機で実行・取得成功)","Level2 (店舗×JAN在庫)","直前在庫 または 月末在庫のスナップショットをCSVダウンロード","テストでは全部門相当のJANが返却(下記notes参照、化粧品部門以外も含まれた可能性)","直前(実行時点) または 月末(年月指定、過去分)","店舗単位。事業会社一括可(中小事業会社は会社レベルOK、最大手ツルハのみ運営本部レベルまでに制限)","小分類以下 または JAN指定可能(ただし直前在庫ではフィルタが効いていない疑いあり)","N/A","運営本部,店,商品(JAN:名称結合)","在庫数量,同日売上数量(直前在庫)。月末在庫では月間売上数量,在庫回転率,在庫回転日数も算出(未実測、UNKNOWN)","直前在庫/月末在庫、店、小分類/JAN、売上数量フィルター(すべて/変動あり)","月末在庫は過去13ヶ月(画面表示、直前在庫のみ実測)","データ蓄積期間内(2021/5/16〜)","実行時点(直前在庫はほぼリアルタイム)","0日(直前在庫)","実行 → URLリンク(getCategoryReport)","ZIP(内部CSV)","<トークン>.zip → <トークン>_2.csv","Shift-JIS(CP932)","カンマ","運営本部(コード:名称結合),店(コード:名称結合),商品(JAN:名称結合),在庫数量,同日売上数量(5列)","No","No","Yes(結合形式)","Yes(結合形式)","No(出力列になし)","178985(206店舗選択時、2864JAN)","約15秒、ZIP約2.8MB/CSV約19MB","MEDIUM","高(fact_inventory_store_skuの直接ソース)","screenshots/21_inventory_search.png; 23_inv_done2.png","samples/inventory_search.zip","小分類指定(713:基礎化粧品、54品目)しても2864JANが返り、全カテゴリ相当のフィルタ漏れの可能性(直前在庫モードでは小分類フィルタが効かない疑い、要ベンダー確認)。在庫マイナス値606行、ゼロ在庫13451行を確認(データ品質に注意)"
"7","ランチャー > メイン分析","マトリックス・クエリ・ブラウザ","CONFIRMED (実機で実行・取得成功)","Level3 (ID-POS集計)","自由な次元組合せによるピボット集計(会員属性×商品×店舗など)","化粧品部門(70)のみに自動的にスコープされていると推測(店・分類未指定でも実行可、返る大分類は711〜等の化粧品カテゴリのみ)","日/週/月/曜日/時間帯(選択可、テストは1日)","事業会社/運営本部/店/店グループ","大分類/中分類/小分類/品名グループ/JANグループ/JANコード/JICFS大分類ほかJICFS階層/メーカー/取引先/ブランド/PB区分","性別/年代/生年代/帰属店/アプリ会員/商圏","X軸・Y軸・第3軸に上記次元を自由配置","金額,数量,件数,人数,延べ人数,リピート率,平均売価,アイテム数,レシート枚数,店舗数(3つまで同時選択可)","期間、店、分類/小分類、単価、JICFS品名、会員属性、購買属性、店舗属性、コレクション、サブクエリ","UNKNOWN(1日のみテスト、31日等の上限有無は未確認)","2021/5/16(データ蓄積期間内)","2026/8/24","2日","実行 → マトリックス・ビュワー(保存/Excel/CSV/コピー)","CSV(6種: 分割あり/なし、横展開、縦展開、ピボット用CSV分割あり/なし)、Excel、コピー、保存","a Soran.MatrixViewer_<日時>.csv(自動命名)","UNKNOWN(Excel経由で開いたため未確認、CSVは未保存)","カンマ(Excel表示から推定)","事業会社,大分類,金額,数量(テスト時のピボット用CSV(分割なし)構成、次元選択により可変)","No(会員IDは出力されないが人数・リピート率等は会員データを基に算出)","No","選択次第(JANコードを軸指定すれば含まれる)","選択次第","Yes","少数(次元組合せ次第、テストでは大分類×事業会社で数十行)","数秒(1日分)","HIGH(次元選択がグリッドのセルクリック=座標依存。UI Automationで要素取得不可のため座標操作のみ)","高(agg_idpos_*系列の主要ソース。会員IDなしでも性年代・リピート率等の集計値を蓄積可能)","screenshots/25_main_analysis.png; 28_execute_main2.png; 29_csv_pivot.png","なし(Excel直接表示のみ、ファイル未保存)","店・カテゴリ未指定でも実行可(ダウンロード系画面と異なり必須条件なし)。「コレクション」タブは実際に機能するダイアログを表示(資料はベーシック対象外とするが実機はUI提供、資料と実機の差分)"
"8","ランチャー > 拡張分析 > 分析メニュー > トライアル・リピート分析","トライアル・リピート分析","CONFIRMED (メニュー表示のみ確認、実行は未実施)","UNKNOWN(推定Level3)","UNKNOWN","UNKNOWN","UNKNOWN","UNKNOWN","UNKNOWN","UNKNOWN","UNKNOWN","UNKNOWN","UNKNOWN","UNKNOWN","UNKNOWN","UNKNOWN","UNKNOWN","UNKNOWN","UNKNOWN","UNKNOWN","UNKNOWN","UNKNOWN","UNKNOWN","UNKNOWN","UNKNOWN","UNKNOWN","UNKNOWN","UNKNOWN","screenshots/20_analysis_menu.png","なし","資料の『トライアルリピート』に相当。メニュー存在のみ確認、時間の都合で深掘り未実施"
"9","ランチャー > 拡張分析 > 分析メニュー > 流入流出(期間併買)分析","流入流出(期間併買)分析","CONFIRMED (メニュー表示のみ確認、実行は未実施)","UNKNOWN(推定Level3)","UNKNOWN","UNKNOWN","UNKNOWN","UNKNOWN","UNKNOWN","UNKNOWN","UNKNOWN","UNKNOWN","UNKNOWN","UNKNOWN","UNKNOWN","UNKNOWN","UNKNOWN","UNKNOWN","UNKNOWN","UNKNOWN","UNKNOWN","UNKNOWN","UNKNOWN","UNKNOWN","UNKNOWN","UNKNOWN","UNKNOWN","UNKNOWN","screenshots/20_analysis_menu.png","なし","資料の『流入流出(同期間併買)』に相当。メニュー存在のみ確認"
"10","ランチャー > 拡張分析 > 分析メニュー > 購買サマリ期間対比","購買サマリ期間対比","CONFIRMED (メニュー表示のみ確認、実行は未実施)","UNKNOWN(推定Level3)","UNKNOWN","UNKNOWN","UNKNOWN","UNKNOWN","UNKNOWN","UNKNOWN","UNKNOWN","UNKNOWN","UNKNOWN","UNKNOWN","UNKNOWN","UNKNOWN","UNKNOWN","UNKNOWN","UNKNOWN","UNKNOWN","UNKNOWN","UNKNOWN","UNKNOWN","UNKNOWN","UNKNOWN","UNKNOWN","UNKNOWN","UNKNOWN","screenshots/20_analysis_menu.png","なし","メイン分析内にも同名の切替タブ(単一期間版)が存在。本メニューは期間対比版と推測(未検証)"
"11","ランチャー > 拡張分析 > 分析メニュー > 全POSサマリの期間対比","全POSサマリの期間対比","CONFIRMED (メニュー表示のみ確認、実行は未実施)","UNKNOWN(推定Level2/3)","UNKNOWN","UNKNOWN","UNKNOWN","UNKNOWN","UNKNOWN","UNKNOWN","UNKNOWN","UNKNOWN","UNKNOWN","UNKNOWN","UNKNOWN","UNKNOWN","UNKNOWN","UNKNOWN","UNKNOWN","UNKNOWN","UNKNOWN","UNKNOWN","UNKNOWN","UNKNOWN","UNKNOWN","UNKNOWN","UNKNOWN","UNKNOWN","screenshots/20_analysis_menu.png","なし","資料の『全POSサマリ期間対比』に相当。メニュー存在のみ確認"
"12","ランチャー > 拡張分析 > 分析メニュー > 性年代別買上率","性年代別買上率","CONFIRMED (メニュー表示のみ確認、実行は未実施)","UNKNOWN(推定Level3)","UNKNOWN","UNKNOWN","UNKNOWN","UNKNOWN","UNKNOWN","UNKNOWN","UNKNOWN","UNKNOWN","UNKNOWN","UNKNOWN","UNKNOWN","UNKNOWN","UNKNOWN","UNKNOWN","UNKNOWN","UNKNOWN","UNKNOWN","UNKNOWN","UNKNOWN","UNKNOWN","UNKNOWN","UNKNOWN","UNKNOWN","UNKNOWN","screenshots/20_analysis_menu.png","なし","資料記載の機能。メニュー存在のみ確認"
"13","ランチャー > 拡張分析 > 分析メニュー > 性年代別買上率期間対比","性年代別買上率期間対比","CONFIRMED (メニュー表示のみ確認、資料に記載なし=差分)","UNKNOWN","UNKNOWN","UNKNOWN","UNKNOWN","UNKNOWN","UNKNOWN","UNKNOWN","UNKNOWN","UNKNOWN","UNKNOWN","UNKNOWN","UNKNOWN","UNKNOWN","UNKNOWN","UNKNOWN","UNKNOWN","UNKNOWN","UNKNOWN","UNKNOWN","UNKNOWN","UNKNOWN","UNKNOWN","UNKNOWN","UNKNOWN","UNKNOWN","screenshots/20_analysis_menu.png","なし","2024年11月資料の8機能リストには存在しない項目。実機のみで確認された追加機能(資料との差分)"
"14","ランチャー > 拡張分析 > 分析メニュー > ランキング推移","ランキング推移","CONFIRMED (メニュー表示のみ確認、資料に記載なし=差分)","UNKNOWN","UNKNOWN","UNKNOWN","UNKNOWN","UNKNOWN","UNKNOWN","UNKNOWN","UNKNOWN","UNKNOWN","UNKNOWN","UNKNOWN","UNKNOWN","UNKNOWN","UNKNOWN","UNKNOWN","UNKNOWN","UNKNOWN","UNKNOWN","UNKNOWN","UNKNOWN","UNKNOWN","UNKNOWN","UNKNOWN","UNKNOWN","UNKNOWN","screenshots/20_analysis_menu.png","なし","2024年11月資料の8機能リストには存在しない項目。実機のみで確認された追加機能(資料との差分)"
"15","メイン分析内『コレクション』タブ / 拡張分析 > コレクション関連メニュー","コレクション機能","CONFIRMED (資料はベーシック対象外とするが実機は機能するダイアログを提供=重要な差分)","Level4 (セグメント/顧客グループ定義のマスタ的機能)","会員・店舗等をグループ化して保存し、後の分析条件として再利用する機能。プライベート/パブリックの2種類、登録から13ヶ月で自動削除","UNKNOWN(実際にコレクションを作成・保存するテストは未実施)","N/A","UNKNOWN","UNKNOWN","UNKNOWN","UNKNOWN","UNKNOWN","UNKNOWN","UNKNOWN(保持期間13ヶ月という制約は画面表示で確認)","UNKNOWN","UNKNOWN","UNKNOWN","UNKNOWN(作成・保存は未実施)","UNKNOWN","UNKNOWN","UNKNOWN","UNKNOWN","UNKNOWN","UNKNOWN","UNKNOWN","UNKNOWN(現在の登録件数は0件)","UNKNOWN","LOW-MEDIUM(UI上は単純だが未実施のため推測)","中(顧客/店舗セグメント定義の再利用に有用だが、実データ未検証)","screenshots/26_collection_tab.png; 27_pivot_set.png(コレクション選択ダイアログ); 32_collection_faq.png(公式ヘルプ記事)","なし","JBtoB公式ヘルプサイト(jbtob.biz/help)にも『コレクション機能』『コレクションをグループ化する』等の解説記事が現存し、現行仕様として維持されていることを確認。2024年11月資料の『ベーシックでは利用不可』という記載と実機挙動が食い違う最重要差分の一つ"
"16","(メニュー内に該当項目なし)","ローデータダウンロード","NOT AVAILABLE (メニュー自体が存在しない)","Level1 (該当機能なし)","データダウンロード・拡張分析(分析メニュー/ダウンロード・検索メニュー/コレクション関連メニュー)のいずれにも『ローデータダウンロード』という項目は表示されなかった","N/A","N/A","N/A","N/A","N/A","N/A","N/A","N/A","N/A","N/A","N/A","N/A","N/A","N/A","N/A","N/A","N/A","N/A","N/A","N/A","N/A","N/A","N/A","N/A","N/A","screenshots/02_data_download_dropdown.png(データダウンロードは商品/店舗マスタの2項目のみ); 15_hover_submenu.png(ダウンロード・検索メニューは3項目のみ)","なし","ヘルプサイトの『ローデータ』フリーワード検索も0件(該当記事なし)。資料通りベーシックプランでは非提供と考えられる(CONFIRMED NOT AVAILABLE、根拠=メニュー非表示+ヘルプ検索0件)"
