"source_file","column_order","column_name","inferred_type","example_value","nullable","key_candidate","description"
"samples/product_master_prod.zip (prod.csv)","1","組織コード","string(5)","00538","No","No","契約組織コード。サンプル176万行すべてが00538固定(単一事業会社スコープ)"
"samples/product_master_prod.zip (prod.csv)","2","商品大分類コード","string","50","No","No","ツルハ独自の大分類コード"
"samples/product_master_prod.zip (prod.csv)","3","商品大分類名","string","食品","No","No","大分類名称"
"samples/product_master_prod.zip (prod.csv)","4","商品中分類コード","string","692","No","No","中分類コード"
"samples/product_master_prod.zip (prod.csv)","5","商品中分類名","string","リキュール","No","No","中分類名称"
"samples/product_master_prod.zip (prod.csv)","6","商品小分類コード","string","6921","No","No","小分類コード"
"samples/product_master_prod.zip (prod.csv)","7","商品小分類名","string","リキュール","No","No","小分類名称"
"samples/product_master_prod.zip (prod.csv)","8","商品細分類コード","string","692101","No","No","細分類コード"
"samples/product_master_prod.zip (prod.csv)","9","商品細分類名","string","リキュール","No","No","細分類名称"
"samples/product_master_prod.zip (prod.csv)","10","JANコード","string(13)","4902121428465","No","Yes","JANコード。176万行で重複ゼロを確認、先頭ゼロ保持"
"samples/product_master_prod.zip (prod.csv)","11","商品名","string","ＴＶバーリアルリッチテイスト５００ｍｌ×２４","No","No","商品名(全角英数字混在)"
"samples/product_master_prod.zip (prod.csv)","12","メーカーコード","string","4549414","No","No","メーカーコード"
"samples/product_master_prod.zip (prod.csv)","13","メーカー名","string","イオントップバリュ（株）","No","No","メーカー名称"
"samples/product_master_prod.zip (prod.csv)","14","ブランドコード","string","002105","No","No","ブランドコード"
"samples/product_master_prod.zip (prod.csv)","15","ブランド名","string","イオントップバリュ","No","No","ブランド名称"
"samples/product_master_prod.zip (prod.csv)","16","PB区分コード","string","011","No","No","PB(プライベートブランド)区分コード。サンプル全体で11種類の値を確認(000,008-017)"
"samples/product_master_prod.zip (prod.csv)","17","PB区分名","string","トップバリュ","No","No","PB区分名称"
"samples/store_master.zip (store.csv)","1","組織コード","string(5)","00538","No","No","契約組織コード(全店舗共通で00538)"
"samples/store_master.zip (store.csv)","2","店舗コード","string(7)","0000010","No","Yes","店舗コード。3323行で重複ゼロ、先頭ゼロ保持"
"samples/store_master.zip (store.csv)","3","店舗名","string","大町店","No","No","店舗名称"
"samples/store_master.zip (store.csv)","4","エリア1コード","string(2)","01","No","No","事業会社コード(8種類: 01,03,07,08,10,12,49等)"
"samples/store_master.zip (store.csv)","5","エリア1名","string","株式会社ツルハ","No","No","事業会社名(8社: ツルハ,ツルハeコマース,杏林堂薬局,B&D,くすりの福太郎,TGN,レデイ薬局,ドラッグイレブン)"
"samples/store_master.zip (store.csv)","6","エリア2コード","string(4)","0101","No","No","都道府県相当のエリアコード"
"samples/store_master.zip (store.csv)","7","エリア2名","string","北海道","No","No","エリア2名称(都道府県相当)"
"samples/store_master.zip (store.csv)","8","エリア3コード","string(7)","0101003","No","No","運営本部相当のエリアコード"
"samples/store_master.zip (store.csv)","9","エリア3名","string","北海道第３店舗運営部","No","No","運営本部名称"
"samples/store_master.zip (store.csv)","10","エリア4コード","string(10)","0101003050","No","No","細分エリアコード"
"samples/store_master.zip (store.csv)","11","エリア4名","string","調剤ツルハ北海道【岩瀬・堀内】","No","No","細分エリア名称"
"samples/store_master.zip (store.csv)","12","郵便番号","string(7)","0700842","No","No","郵便番号(ハイフンなし)"
"samples/store_master.zip (store.csv)","13","住所","string","(空)","Yes","No","住所。サンプル全3324行で100%空欄"
"samples/store_master.zip (store.csv)","14","電話番号","string","(空)","Yes","No","電話番号。サンプル全3324行で100%空欄"
"samples/store_master.zip (store.csv)","15","開店日","string(8) YYYYMMDD","19770612","No","No","開店日"
"samples/store_master.zip (store.csv)","16","閉店日","string(8) YYYYMMDD","20250907 / 99991231","No","No","閉店日。99991231は営業中を示すセンチネル値(2958/3324行が営業中)"
"samples/daily_store_sku_sample3.zip (JANDAYOFFICE0.csv)","1","日","string 'YYYY年MM月DD日'","2026年08月01日","No","Yes(複合キーの一部)","対象日。和暦でなく西暦、漢字混じり表記"
"samples/daily_store_sku_sample3.zip (JANDAYOFFICE0.csv)","2","店","string '店舗コード:店舗名'","0000016:西線店","No","Yes(複合キーの一部)","店舗コードと店舗名が1フィールドに結合。ETL時にコロンで分割が必要"
"samples/daily_store_sku_sample3.zip (JANDAYOFFICE0.csv)","3","JANコード","string 'JAN:商品名'","4515061189862:サボリーノ　目ざまシート　ビタットＣ　３０枚","No","Yes(複合キーの一部)","JANコードと商品名が1フィールドに結合。ETL時にコロンで分割が必要(商品名に全角記号を含む場合の分割ロジックに注意)"
"samples/daily_store_sku_sample3.zip (JANDAYOFFICE0.csv)","4","金額","decimal(小数点4桁)","2400.0000","No","No","売上金額。538行で負値は未確認(返品/取消の扱いは今回のサンプルでは検証不可)"
"samples/daily_store_sku_sample3.zip (JANDAYOFFICE0.csv)","5","数量","integer","2","No","No","売上数量"
"samples/daily_store_sku_sample3.zip (JANDAYOFFICE0.csv)","6","平均売価","integer(小数点なし)","1200","No","No","平均売価=金額÷数量(丸め)。金額と桁数表現が異なる(小数点の有無)点に注意"
"samples/inventory_search.zip (0500107122883965233937_2.csv)","1","運営本部","string 'コード:名称'","0301:営業本部","No","No","運営本部コードと名称が結合"
"samples/inventory_search.zip (0500107122883965233937_2.csv)","2","店","string 'コード:名称'","0002600:福太郎　本部","No","Yes(複合キーの一部)","店舗コードと店舗名が結合(本部倉庫等の非店舗コードも含まれる点に注意)"
"samples/inventory_search.zip (0500107122883965233937_2.csv)","3","商品","string 'JAN:商品名'","4987241144730:オバジ　アクティブベース　クリアローション　１５０ｍＬ","No","Yes(複合キーの一部)","JANと商品名が結合。今回のカテゴリ絞込み(713)にも関わらず全カテゴリ相当のJANが混在(要ベンダー確認)"
"samples/inventory_search.zip (0500107122883965233937_2.csv)","4","在庫数量","integer(負値あり)","0 / 21 / -3等","No","No","在庫数量。178985行中606行が負値、13451行がゼロ(データ品質に注意、負在庫はシステム上の未調整在庫を示す可能性)"
"samples/inventory_search.zip (0500107122883965233937_2.csv)","5","同日売上数量","integer","0","No","No","直前在庫取得日と同日の売上数量"
"samples/planogrammer.lzh (POS.CSV, D行=店舗/集計区分ヘッダー行)","1","レコード種別","string 'D'固定","D","No","No","D=店舗/集計単位を示すヘッダー行。以降のP行がこの単位に属する"
"samples/planogrammer.lzh (POS.CSV, D行=店舗/集計区分ヘッダー行)","2","セグメント種別","string","企業店舗","No","No","常に『企業店舗』固定(観測範囲内)"
"samples/planogrammer.lzh (POS.CSV, D行=店舗/集計区分ヘッダー行)","3","企業コード","string","JBB05001","No","No","JBtoB内部の企業コード(企業店舗.csvと結合可能)"
"samples/planogrammer.lzh (POS.CSV, D行=店舗/集計区分ヘッダー行)","4","店舗コード","string","000016 / -(ハイフン=企業合計行)","No","Yes(複合キーの一部)","店舗コード。'-'は選択店舗の企業合計行を示す特殊値"
"samples/planogrammer.lzh (POS.CSV, D行=店舗/集計区分ヘッダー行)","5","集計単位","string","月","No","No","月次/週次の別(テストは月次)"
"samples/planogrammer.lzh (POS.CSV, P行=販売実績行)","1","レコード種別","string 'P'固定","P","No","No","P=商品別実績行"
"samples/planogrammer.lzh (POS.CSV, P行=販売実績行)","2","JANコード","string(13)","4971710555653","No","Yes(複合キーの一部)","JANコード(先頭ゼロ保持想定だが本サンプルはすべて4桁始まり)"
"samples/planogrammer.lzh (POS.CSV, P行=販売実績行)","3","日付","string 'YYYY/MM/DD'","2026/07/01","No","No","月次モードでは常に月初日が入る(実際の日次分布ではなく期間の代表日)"
"samples/planogrammer.lzh (POS.CSV, P行=販売実績行)","4","数量","integer","1","No","No","期間内の合計販売数量"
"samples/planogrammer.lzh (POS.CSV, P行=販売実績行)","5","金額","decimal(小数点4桁)","1900.0000","No","No","期間内の合計販売金額"
"samples/planogrammer.lzh (POS.CSV, P行=販売実績行)","6-13","予備1〜8","string(未使用)","0","Yes","No","すべて0固定、未使用列(将来拡張用と推測)"
"samples/planogrammer.lzh (企業店舗.csv)","1","企業店舗コード","string '企業コード-店舗コード'","JBB05001-000016","No","Yes","企業店舗の複合キー。空店舗コードは企業合計行(JBB05001-)"
"samples/planogrammer.lzh (企業店舗.csv)","2","企業コード","string","JBB05001","No","No","JBtoB内部企業コード"
"samples/planogrammer.lzh (企業店舗.csv)","3","店舗コード","string","000016","Yes(企業合計行は空)","No","店舗コード(6桁、SORAN本体の7桁店舗コードと桁数が異なる点に注意)"
"samples/planogrammer.lzh (企業店舗.csv)","4","企業店舗名称","string","西線店 / ツルハグループ(企業合計行)","No","No","店舗名または企業名"
"samples/planogrammer.lzh (商品D.csv)","1","JAN","string(13)","4987241139002","No","Yes","JANコード。UTF-8(BOM付)で他2ファイルとエンコーディングが異なる点に注意"
"samples/planogrammer.lzh (商品D.csv)","2","商品名称","string","肌ラボ　極潤　薬用スキンコンディショナー　つめかえ用　１７０ｍＬ","No","No","商品名"
"samples/planogrammer.lzh (商品D.csv)","3〜34","商品名称カナ,希望小売価格,規格,規格単位,入数,幅,高さ,奥行,メーカーコード,Ｊカテゴリーコード,Ｓカテゴリーコード,商品画像,予備1-3,終売フラグ,発売日,登録日,更新日付,輸入品フラグ,会社名カナ,会社名,商品名称Ｊ,規格Ｊ,カテゴリー,機能,機能説明,限定,限定説明,容器形態,原産国,原産国説明,製造販売中止フラグ","混在(string/decimal/bool/date)","0,,False,1970/01/01等","Yes(観測範囲内はほぼ全件空またはデフォルト値)","No","テストしたカテゴリ(基礎化粧品)では大半の属性が未整備(1970/01/01はNULL相当のセンチネル日付)。ツルハ独自分類が必要ならprod.csvを優先すべき"
